Família,Atributo/grupo,Origem e comando,Confirmação,Exportação,Restauração,Recarga,Recuperação
Forex,accounts,00-forex-state / execution-board,CONFIRMED/REFUSED/UNKNOWN,state integral,normalize+migrate antes de escrita,load objeto conferido,backup v2; RAM divergente em rascunho separado
Forex,accountContexts,00-forex-state / execution-board,CONFIRMED/REFUSED/UNKNOWN,state integral,normalize+migrate antes de escrita,load objeto conferido,backup v2; RAM divergente em rascunho separado
Forex,archivedAccounts,00-forex-state / execution-board,CONFIRMED/REFUSED/UNKNOWN,state integral,normalize+migrate antes de escrita,load objeto conferido,backup v2; RAM divergente em rascunho separado
Forex,periods,00-forex-state / execution-board,CONFIRMED/REFUSED/UNKNOWN,state integral,normalize+migrate antes de escrita,load objeto conferido,backup v2; RAM divergente em rascunho separado
Forex,currency,00-forex-state / execution-board,CONFIRMED/REFUSED/UNKNOWN,state integral,normalize+migrate antes de escrita,load objeto conferido,backup v2; RAM divergente em rascunho separado
Forex,profileAssignment,00-forex-state / execution-board,CONFIRMED/REFUSED/UNKNOWN,state integral,normalize+migrate antes de escrita,load objeto conferido,backup v2; RAM divergente em rascunho separado
Forex,references,00-forex-state / execution-board,CONFIRMED/REFUSED/UNKNOWN,state integral,normalize+migrate antes de escrita,load objeto conferido,backup v2; RAM divergente em rascunho separado
Forex,instrumentContexts,00-forex-state / execution-board,CONFIRMED/REFUSED/UNKNOWN,state integral,normalize+migrate antes de escrita,load objeto conferido,backup v2; RAM divergente em rascunho separado
Forex,phases,00-forex-state / execution-board,CONFIRMED/REFUSED/UNKNOWN,state integral,normalize+migrate antes de escrita,load objeto conferido,backup v2; RAM divergente em rascunho separado
Forex,orders,00-forex-state / execution-board,CONFIRMED/REFUSED/UNKNOWN,state integral,normalize+migrate antes de escrita,load objeto conferido,backup v2; RAM divergente em rascunho separado
Forex,activeOperation,00-forex-state / execution-board,CONFIRMED/REFUSED/UNKNOWN,state integral,normalize+migrate antes de escrita,load objeto conferido,backup v2; RAM divergente em rascunho separado
Forex,operationHistory,00-forex-state / execution-board,CONFIRMED/REFUSED/UNKNOWN,state integral,normalize+migrate antes de escrita,load objeto conferido,backup v2; RAM divergente em rascunho separado
Forex,executionDiagnostics,00-forex-state / execution-board,CONFIRMED/REFUSED/UNKNOWN,state integral,normalize+migrate antes de escrita,load objeto conferido,backup v2; RAM divergente em rascunho separado
Forex,dailyReferences,00-forex-state / execution-board,CONFIRMED/REFUSED/UNKNOWN,state integral,normalize+migrate antes de escrita,load objeto conferido,backup v2; RAM divergente em rascunho separado
Forex,eventLog,00-forex-state / execution-board,CONFIRMED/REFUSED/UNKNOWN,state integral,normalize+migrate antes de escrita,load objeto conferido,backup v2; RAM divergente em rascunho separado
Forex,revisions,00-forex-state / execution-board,CONFIRMED/REFUSED/UNKNOWN,state integral,normalize+migrate antes de escrita,load objeto conferido,backup v2; RAM divergente em rascunho separado
Forex,quarantines,00-forex-state / execution-board,CONFIRMED/REFUSED/UNKNOWN,state integral,normalize+migrate antes de escrita,load objeto conferido,backup v2; RAM divergente em rascunho separado
Forex,budgets,00-forex-state / execution-board,CONFIRMED/REFUSED/UNKNOWN,state integral,normalize+migrate antes de escrita,load objeto conferido,backup v2; RAM divergente em rascunho separado
Forex,proposals,00-forex-state / execution-board,CONFIRMED/REFUSED/UNKNOWN,state integral,normalize+migrate antes de escrita,load objeto conferido,backup v2; RAM divergente em rascunho separado
Contabilidade,ledger,daily-ledger / accounting-engine,CONFIRMED/REFUSED/UNKNOWN,state integral,normalize+migrate antes de escrita,load objeto conferido,backup v2; RAM divergente em rascunho separado
Contabilidade,ledgerHistory,daily-ledger / accounting-engine,CONFIRMED/REFUSED/UNKNOWN,state integral,normalize+migrate antes de escrita,load objeto conferido,backup v2; RAM divergente em rascunho separado
Contabilidade,ledgerArchives,daily-ledger / accounting-engine,CONFIRMED/REFUSED/UNKNOWN,state integral,normalize+migrate antes de escrita,load objeto conferido,backup v2; RAM divergente em rascunho separado
Contabilidade,accountEvents,daily-ledger / accounting-engine,CONFIRMED/REFUSED/UNKNOWN,state integral,normalize+migrate antes de escrita,load objeto conferido,backup v2; RAM divergente em rascunho separado
Contabilidade,deposits,daily-ledger / accounting-engine,CONFIRMED/REFUSED/UNKNOWN,state integral,normalize+migrate antes de escrita,load objeto conferido,backup v2; RAM divergente em rascunho separado
Contabilidade,withdrawals,daily-ledger / accounting-engine,CONFIRMED/REFUSED/UNKNOWN,state integral,normalize+migrate antes de escrita,load objeto conferido,backup v2; RAM divergente em rascunho separado
Contabilidade,dailyClosings,daily-ledger / accounting-engine,CONFIRMED/REFUSED/UNKNOWN,state integral,normalize+migrate antes de escrita,load objeto conferido,backup v2; RAM divergente em rascunho separado
Contabilidade,periodClosings,daily-ledger / accounting-engine,CONFIRMED/REFUSED/UNKNOWN,state integral,normalize+migrate antes de escrita,load objeto conferido,backup v2; RAM divergente em rascunho separado
Contabilidade,provenance,daily-ledger / accounting-engine,CONFIRMED/REFUSED/UNKNOWN,state integral,normalize+migrate antes de escrita,load objeto conferido,backup v2; RAM divergente em rascunho separado
Contabilidade,reconciliation,daily-ledger / accounting-engine,CONFIRMED/REFUSED/UNKNOWN,state integral,normalize+migrate antes de escrita,load objeto conferido,backup v2; RAM divergente em rascunho separado
Reservas,initialReserves,reserve-state / fx-reserves,CONFIRMED/REFUSED/UNKNOWN,state integral,normalize+migrate antes de escrita,load objeto conferido,backup v2; RAM divergente em rascunho separado
Reservas,fcr,reserve-state / fx-reserves,CONFIRMED/REFUSED/UNKNOWN,state integral,normalize+migrate antes de escrita,load objeto conferido,backup v2; RAM divergente em rascunho separado
Reservas,feo,reserve-state / fx-reserves,CONFIRMED/REFUSED/UNKNOWN,state integral,normalize+migrate antes de escrita,load objeto conferido,backup v2; RAM divergente em rascunho separado
Reservas,assessments,reserve-state / fx-reserves,CONFIRMED/REFUSED/UNKNOWN,state integral,normalize+migrate antes de escrita,load objeto conferido,backup v2; RAM divergente em rascunho separado
Reservas,constitutions,reserve-state / fx-reserves,CONFIRMED/REFUSED/UNKNOWN,state integral,normalize+migrate antes de escrita,load objeto conferido,backup v2; RAM divergente em rascunho separado
Reservas,confirmations,reserve-state / fx-reserves,CONFIRMED/REFUSED/UNKNOWN,state integral,normalize+migrate antes de escrita,load objeto conferido,backup v2; RAM divergente em rascunho separado
Reservas,revisions,reserve-state / fx-reserves,CONFIRMED/REFUSED/UNKNOWN,state integral,normalize+migrate antes de escrita,load objeto conferido,backup v2; RAM divergente em rascunho separado
Planejamento,fxPlanning.plan.baseline,fx-planning state commands,CONFIRMED/REFUSED/UNKNOWN,state integral,normalize+migrate antes de escrita,load objeto conferido,backup v2; RAM divergente em rascunho separado
Planejamento,fxPlanning.plan.current,fx-planning state commands,CONFIRMED/REFUSED/UNKNOWN,state integral,normalize+migrate antes de escrita,load objeto conferido,backup v2; RAM divergente em rascunho separado
Planejamento,fxPlanning.plan.current.monthOverrides,fx-planning state commands,CONFIRMED/REFUSED/UNKNOWN,state integral,normalize+migrate antes de escrita,load objeto conferido,backup v2; RAM divergente em rascunho separado
Planejamento,fxPlanning.plan.current.absentMonths,fx-planning state commands,CONFIRMED/REFUSED/UNKNOWN,state integral,normalize+migrate antes de escrita,load objeto conferido,backup v2; RAM divergente em rascunho separado
Planejamento,fxPlanning.plan.current.plannedContributions,fx-planning state commands,CONFIRMED/REFUSED/UNKNOWN,state integral,normalize+migrate antes de escrita,load objeto conferido,backup v2; RAM divergente em rascunho separado
Planejamento,fxPlanning.plan.actuals,fx-planning state commands,CONFIRMED/REFUSED/UNKNOWN,state integral,normalize+migrate antes de escrita,load objeto conferido,backup v2; RAM divergente em rascunho separado
Planejamento,fxPlanning.plan.actualHistory,fx-planning state commands,CONFIRMED/REFUSED/UNKNOWN,state integral,normalize+migrate antes de escrita,load objeto conferido,backup v2; RAM divergente em rascunho separado
Planejamento,fxPlanning.plan.contributions,fx-planning state commands,CONFIRMED/REFUSED/UNKNOWN,state integral,normalize+migrate antes de escrita,load objeto conferido,backup v2; RAM divergente em rascunho separado
Planejamento,fxPlanning.plan.revisions,fx-planning state commands,CONFIRMED/REFUSED/UNKNOWN,state integral,normalize+migrate antes de escrita,load objeto conferido,backup v2; RAM divergente em rascunho separado
Planejamento,fxPlanning.plan.scenarios,fx-planning state commands,CONFIRMED/REFUSED/UNKNOWN,state integral,normalize+migrate antes de escrita,load objeto conferido,backup v2; RAM divergente em rascunho separado
Planejamento,fxPlanning.plan.scenarioArchive,fx-planning state commands,CONFIRMED/REFUSED/UNKNOWN,state integral,normalize+migrate antes de escrita,load objeto conferido,backup v2; RAM divergente em rascunho separado
Planejamento,fxPlanning.plan.rebases,fx-planning state commands,CONFIRMED/REFUSED/UNKNOWN,state integral,normalize+migrate antes de escrita,load objeto conferido,backup v2; RAM divergente em rascunho separado
Planejamento,fxPlanning.archivedPlans,fx-planning state commands,CONFIRMED/REFUSED/UNKNOWN,state integral,normalize+migrate antes de escrita,load objeto conferido,backup v2; RAM divergente em rascunho separado
Planejamento,fxPlanning.auditLog,fx-planning state commands,CONFIRMED/REFUSED/UNKNOWN,state integral,normalize+migrate antes de escrita,load objeto conferido,backup v2; RAM divergente em rascunho separado
Finanças Pessoais,personalFinance.months.incomes,personal-finance pfMutate,CONFIRMED/REFUSED/UNKNOWN,state integral,normalize+migrate antes de escrita,load objeto conferido,backup v2; RAM divergente em rascunho separado
Finanças Pessoais,personalFinance.months.expenses,personal-finance pfMutate,CONFIRMED/REFUSED/UNKNOWN,state integral,normalize+migrate antes de escrita,load objeto conferido,backup v2; RAM divergente em rascunho separado
Finanças Pessoais,personalFinance.months.allocations,personal-finance pfMutate,CONFIRMED/REFUSED/UNKNOWN,state integral,normalize+migrate antes de escrita,load objeto conferido,backup v2; RAM divergente em rascunho separado
Finanças Pessoais,personalFinance.months.notes,personal-finance pfMutate,CONFIRMED/REFUSED/UNKNOWN,state integral,normalize+migrate antes de escrita,load objeto conferido,backup v2; RAM divergente em rascunho separado
Finanças Pessoais,personalFinance.months.debtSnapshots,personal-finance pfMutate,CONFIRMED/REFUSED/UNKNOWN,state integral,normalize+migrate antes de escrita,load objeto conferido,backup v2; RAM divergente em rascunho separado
Finanças Pessoais,personalFinance.recurringIncome,personal-finance pfMutate,CONFIRMED/REFUSED/UNKNOWN,state integral,normalize+migrate antes de escrita,load objeto conferido,backup v2; RAM divergente em rascunho separado
Finanças Pessoais,personalFinance.debts,personal-finance pfMutate,CONFIRMED/REFUSED/UNKNOWN,state integral,normalize+migrate antes de escrita,load objeto conferido,backup v2; RAM divergente em rascunho separado
Finanças Pessoais,personalFinance.creditLines,personal-finance pfMutate,CONFIRMED/REFUSED/UNKNOWN,state integral,normalize+migrate antes de escrita,load objeto conferido,backup v2; RAM divergente em rascunho separado
Finanças Pessoais,personalFinance.scenarios,personal-finance pfMutate,CONFIRMED/REFUSED/UNKNOWN,state integral,normalize+migrate antes de escrita,load objeto conferido,backup v2; RAM divergente em rascunho separado
Alladin,alladin.reportingCurrency,aldMutate,CONFIRMED/REFUSED/UNKNOWN,state integral,normalize+migrate antes de escrita,load objeto conferido,backup v2; RAM divergente em rascunho separado
Alladin,alladin.instruments,aldMutate,CONFIRMED/REFUSED/UNKNOWN,state integral,normalize+migrate antes de escrita,load objeto conferido,backup v2; RAM divergente em rascunho separado
Alladin,alladin.assets,aldMutate,CONFIRMED/REFUSED/UNKNOWN,state integral,normalize+migrate antes de escrita,load objeto conferido,backup v2; RAM divergente em rascunho separado
Alladin,alladin.accounts,aldMutate,CONFIRMED/REFUSED/UNKNOWN,state integral,normalize+migrate antes de escrita,load objeto conferido,backup v2; RAM divergente em rascunho separado
Alladin,alladin.cashAccounts,aldMutate,CONFIRMED/REFUSED/UNKNOWN,state integral,normalize+migrate antes de escrita,load objeto conferido,backup v2; RAM divergente em rascunho separado
Alladin,alladin.transactions,aldMutate,CONFIRMED/REFUSED/UNKNOWN,state integral,normalize+migrate antes de escrita,load objeto conferido,backup v2; RAM divergente em rascunho separado
Alladin,alladin.reversals,aldMutate,CONFIRMED/REFUSED/UNKNOWN,state integral,normalize+migrate antes de escrita,load objeto conferido,backup v2; RAM divergente em rascunho separado
Alladin,alladin.fees,aldMutate,CONFIRMED/REFUSED/UNKNOWN,state integral,normalize+migrate antes de escrita,load objeto conferido,backup v2; RAM divergente em rascunho separado
Alladin,alladin.adjustments,aldMutate,CONFIRMED/REFUSED/UNKNOWN,state integral,normalize+migrate antes de escrita,load objeto conferido,backup v2; RAM divergente em rascunho separado
Research e ferramentas,nocoda.studies.anchor1,NoCoda / Pivots domain writers,CONFIRMED/REFUSED/UNKNOWN,state integral,normalize+migrate antes de escrita,load objeto conferido,backup v2; RAM divergente em rascunho separado
Research e ferramentas,nocoda.studies.anchor2,NoCoda / Pivots domain writers,CONFIRMED/REFUSED/UNKNOWN,state integral,normalize+migrate antes de escrita,load objeto conferido,backup v2; RAM divergente em rascunho separado
Research e ferramentas,nocoda.studies.anchor3,NoCoda / Pivots domain writers,CONFIRMED/REFUSED/UNKNOWN,state integral,normalize+migrate antes de escrita,load objeto conferido,backup v2; RAM divergente em rascunho separado
Research e ferramentas,pivotStudies.studies,NoCoda / Pivots domain writers,CONFIRMED/REFUSED/UNKNOWN,state integral,normalize+migrate antes de escrita,load objeto conferido,backup v2; RAM divergente em rascunho separado
Research e ferramentas,pivotStudies.pivots,NoCoda / Pivots domain writers,CONFIRMED/REFUSED/UNKNOWN,state integral,normalize+migrate antes de escrita,load objeto conferido,backup v2; RAM divergente em rascunho separado
Research e ferramentas,modelCalibration,NoCoda / Pivots domain writers,CONFIRMED/REFUSED/UNKNOWN,state integral,normalize+migrate antes de escrita,load objeto conferido,backup v2; RAM divergente em rascunho separado
Research e ferramentas,parameters,NoCoda / Pivots domain writers,CONFIRMED/REFUSED/UNKNOWN,state integral,normalize+migrate antes de escrita,load objeto conferido,backup v2; RAM divergente em rascunho separado
Research e ferramentas,histories,NoCoda / Pivots domain writers,CONFIRMED/REFUSED/UNKNOWN,state integral,normalize+migrate antes de escrita,load objeto conferido,backup v2; RAM divergente em rascunho separado
Research e ferramentas,checklist,NoCoda / Pivots domain writers,CONFIRMED/REFUSED/UNKNOWN,state integral,normalize+migrate antes de escrita,load objeto conferido,backup v2; RAM divergente em rascunho separado
Notas,mvpNotes.items.content,mvpNotesMutate,CONFIRMED/REFUSED/UNKNOWN,state integral,normalize+migrate antes de escrita,load objeto conferido,backup v2; RAM divergente em rascunho separado
Notas,mvpNotes.items.folderId,mvpNotesMutate,CONFIRMED/REFUSED/UNKNOWN,state integral,normalize+migrate antes de escrita,load objeto conferido,backup v2; RAM divergente em rascunho separado
Notas,mvpNotes.items.status,mvpNotesMutate,CONFIRMED/REFUSED/UNKNOWN,state integral,normalize+migrate antes de escrita,load objeto conferido,backup v2; RAM divergente em rascunho separado
Notas,mvpNotes.items.completedAt,mvpNotesMutate,CONFIRMED/REFUSED/UNKNOWN,state integral,normalize+migrate antes de escrita,load objeto conferido,backup v2; RAM divergente em rascunho separado
Notas,mvpNotes.items.ticket,mvpNotesMutate,CONFIRMED/REFUSED/UNKNOWN,state integral,normalize+migrate antes de escrita,load objeto conferido,backup v2; RAM divergente em rascunho separado
Notas,mvpNotes.items.createdAt,mvpNotesMutate,CONFIRMED/REFUSED/UNKNOWN,state integral,normalize+migrate antes de escrita,load objeto conferido,backup v2; RAM divergente em rascunho separado
Notas,mvpNotes.items.updatedAt,mvpNotesMutate,CONFIRMED/REFUSED/UNKNOWN,state integral,normalize+migrate antes de escrita,load objeto conferido,backup v2; RAM divergente em rascunho separado
Notas,mvpNotes.items.buildId,mvpNotesMutate,CONFIRMED/REFUSED/UNKNOWN,state integral,normalize+migrate antes de escrita,load objeto conferido,backup v2; RAM divergente em rascunho separado
Notas,mvpNotes.items.sourceRevision,mvpNotesMutate,CONFIRMED/REFUSED/UNKNOWN,state integral,normalize+migrate antes de escrita,load objeto conferido,backup v2; RAM divergente em rascunho separado
Notas,mvpNotes.items.aiImplementationPolicy,mvpNotesMutate,CONFIRMED/REFUSED/UNKNOWN,state integral,normalize+migrate antes de escrita,load objeto conferido,backup v2; RAM divergente em rascunho separado
Notas,mvpNotes.folders,mvpNotesMutate,CONFIRMED/REFUSED/UNKNOWN,state integral,normalize+migrate antes de escrita,load objeto conferido,backup v2; RAM divergente em rascunho separado
Notas,mvpNotes.ui,mvpNotesMutate,CONFIRMED/REFUSED/UNKNOWN,state integral,normalize+migrate antes de escrita,load objeto conferido,backup v2; RAM divergente em rascunho separado
Notas,mvpNotes.showHeaderIcon,mvpNotesMutate,CONFIRMED/REFUSED/UNKNOWN,state integral,normalize+migrate antes de escrita,load objeto conferido,backup v2; RAM divergente em rascunho separado
Governança e importação,onboarding.consentHistory,typed save / confirmed import,CONFIRMED/REFUSED/UNKNOWN,state integral,normalize+migrate antes de escrita,load objeto conferido,backup v2; RAM divergente em rascunho separado
Governança e importação,onboarding.done,typed save / confirmed import,CONFIRMED/REFUSED/UNKNOWN,state integral,normalize+migrate antes de escrita,load objeto conferido,backup v2; RAM divergente em rascunho separado
Governança e importação,riskPinHash,typed save / confirmed import,CONFIRMED/REFUSED/UNKNOWN,state integral,normalize+migrate antes de escrita,load objeto conferido,backup v2; RAM divergente em rascunho separado
Governança e importação,dataGovernance.changeLog,typed save / confirmed import,CONFIRMED/REFUSED/UNKNOWN,state integral,normalize+migrate antes de escrita,load objeto conferido,backup v2; RAM divergente em rascunho separado
Governança e importação,dataGovernance.export,typed save / confirmed import,CONFIRMED/REFUSED/UNKNOWN,state integral,normalize+migrate antes de escrita,load objeto conferido,backup v2; RAM divergente em rascunho separado
Governança e importação,dataGovernance.backup,typed save / confirmed import,CONFIRMED/REFUSED/UNKNOWN,state integral,normalize+migrate antes de escrita,load objeto conferido,backup v2; RAM divergente em rascunho separado
Governança e importação,dataGovernance.storage,typed save / confirmed import,CONFIRMED/REFUSED/UNKNOWN,state integral,normalize+migrate antes de escrita,load objeto conferido,backup v2; RAM divergente em rascunho separado
Governança e importação,responsibility,typed save / confirmed import,CONFIRMED/REFUSED/UNKNOWN,state integral,normalize+migrate antes de escrita,load objeto conferido,backup v2; RAM divergente em rascunho separado
Governança e importação,fxConsolidated.accounts,typed save / confirmed import,CONFIRMED/REFUSED/UNKNOWN,state integral,normalize+migrate antes de escrita,load objeto conferido,backup v2; RAM divergente em rascunho separado
Governança e importação,fxConsolidated.importHistory,typed save / confirmed import,CONFIRMED/REFUSED/UNKNOWN,state integral,normalize+migrate antes de escrita,load objeto conferido,backup v2; RAM divergente em rascunho separado
Governança e importação,fxConsolidated.receipts,typed save / confirmed import,CONFIRMED/REFUSED/UNKNOWN,state integral,normalize+migrate antes de escrita,load objeto conferido,backup v2; RAM divergente em rascunho separado
Governança e importação,fxConsolidated.deals,typed save / confirmed import,CONFIRMED/REFUSED/UNKNOWN,state integral,normalize+migrate antes de escrita,load objeto conferido,backup v2; RAM divergente em rascunho separado
Governança e importação,fxConsolidated.orders,typed save / confirmed import,CONFIRMED/REFUSED/UNKNOWN,state integral,normalize+migrate antes de escrita,load objeto conferido,backup v2; RAM divergente em rascunho separado
Governança e importação,fxConsolidated.positions,typed save / confirmed import,CONFIRMED/REFUSED/UNKNOWN,state integral,normalize+migrate antes de escrita,load objeto conferido,backup v2; RAM divergente em rascunho separado
Governança e importação,theme,typed save / confirmed import,CONFIRMED/REFUSED/UNKNOWN,state integral,normalize+migrate antes de escrita,load objeto conferido,backup v2; RAM divergente em rascunho separado
Preferência,jpwealth_local_profile_v1,escritor próprio + allowlist workspace,readback/journal explícito,workspace.preferences,allowlist + validate + journal,controlador da preferência,"rascunho de editor separado, quando disponível"
Preferência,jpwealth_v9_icon_choice,escritor próprio + allowlist workspace,readback/journal explícito,workspace.preferences,allowlist + validate + journal,controlador da preferência,"rascunho de editor separado, quando disponível"
Preferência,jpwealth_v9_icon_theme,escritor próprio + allowlist workspace,readback/journal explícito,workspace.preferences,allowlist + validate + journal,controlador da preferência,"rascunho de editor separado, quando disponível"
Preferência,jpw_module_availability_v1,escritor próprio + allowlist workspace,readback/journal explícito,workspace.preferences,allowlist + validate + journal,controlador da preferência,"rascunho de editor separado, quando disponível"
Preferência,jpw_fs,escritor próprio + allowlist workspace,readback/journal explícito,workspace.preferences,allowlist + validate + journal,controlador da preferência,"rascunho de editor separado, quando disponível"
Preferência,jpw_expl,escritor próprio + allowlist workspace,readback/journal explícito,workspace.preferences,allowlist + validate + journal,controlador da preferência,"rascunho de editor separado, quando disponível"
Preferência,jpw_rail,escritor próprio + allowlist workspace,readback/journal explícito,workspace.preferences,allowlist + validate + journal,controlador da preferência,"rascunho de editor separado, quando disponível"
Preferência,jpw_nav_submenu_rail,escritor próprio + allowlist workspace,readback/journal explícito,workspace.preferences,allowlist + validate + journal,controlador da preferência,"rascunho de editor separado, quando disponível"
Preferência,jpw_nav,escritor próprio + allowlist workspace,readback/journal explícito,workspace.preferences,allowlist + validate + journal,controlador da preferência,"rascunho de editor separado, quando disponível"
Preferência,jpw_nav_layout,escritor próprio + allowlist workspace,readback/journal explícito,workspace.preferences,allowlist + validate + journal,controlador da preferência,"rascunho de editor separado, quando disponível"
Preferência,jpw_nav_order,escritor próprio + allowlist workspace,readback/journal explícito,workspace.preferences,allowlist + validate + journal,controlador da preferência,"rascunho de editor separado, quando disponível"
Preferência,jpw_nav_glass_tint,escritor próprio + allowlist workspace,readback/journal explícito,workspace.preferences,allowlist + validate + journal,controlador da preferência,"rascunho de editor separado, quando disponível"
Preferência,jpwealth.ui.widgetLayouts.v6,escritor próprio + allowlist workspace,readback/journal explícito,workspace.preferences,allowlist + validate + journal,controlador da preferência,"rascunho de editor separado, quando disponível"
Preferência,jpwealth.ui.widgetLayouts.v5,escritor próprio + allowlist workspace,readback/journal explícito,workspace.preferences,allowlist + validate + journal,controlador da preferência,"rascunho de editor separado, quando disponível"
Preferência,jpwealth.ui.widgetLayouts.v4,escritor próprio + allowlist workspace,readback/journal explícito,workspace.preferences,allowlist + validate + journal,controlador da preferência,"rascunho de editor separado, quando disponível"
Preferência,jpwealth.ui.widgetLayouts.v3,escritor próprio + allowlist workspace,readback/journal explícito,workspace.preferences,allowlist + validate + journal,controlador da preferência,"rascunho de editor separado, quando disponível"
Preferência,jpwealth.ui.widgetLayout.v2,escritor próprio + allowlist workspace,readback/journal explícito,workspace.preferences,allowlist + validate + journal,controlador da preferência,"rascunho de editor separado, quando disponível"
Preferência,jpwealth_notes_launcher_position_v1,escritor próprio + allowlist workspace,readback/journal explícito,workspace.preferences,allowlist + validate + journal,controlador da preferência,"rascunho de editor separado, quando disponível"
Preferência,jpwealth_notes_appearance_v1,escritor próprio + allowlist workspace,readback/journal explícito,workspace.preferences,allowlist + validate + journal,controlador da preferência,"rascunho de editor separado, quando disponível"
Preferência,jpwealth_galton_preferences_v1,escritor próprio + allowlist workspace,readback/journal explícito,workspace.preferences,allowlist + validate + journal,controlador da preferência,"rascunho de editor separado, quando disponível"
Preferência,jpwealth.ui.ffNews.sourceUrl,escritor próprio + allowlist workspace,readback/journal explícito,workspace.preferences,allowlist + validate + journal,controlador da preferência,"rascunho de editor separado, quando disponível"
Rascunho,planning,captura estruturada RAM/DOM; nunca save financeiro,não é fato confirmado,workspace.drafts,leitura/cópia + inspeção de contexto,disponível após importação explícita ou finalização confirmada; reload comum não captura RAM,reabrir apenas com adaptador compatível; sem executar comandos
Rascunho,profile,captura estruturada RAM/DOM; nunca save financeiro,não é fato confirmado,workspace.drafts,leitura/cópia + inspeção de contexto,disponível após importação explícita ou finalização confirmada; reload comum não captura RAM,reabrir apenas com adaptador compatível; sem executar comandos
Rascunho,notes,captura estruturada RAM/DOM; nunca save financeiro,não é fato confirmado,workspace.drafts,leitura/cópia + inspeção de contexto,disponível após importação explícita ou finalização confirmada; reload comum não captura RAM,reabrir apenas com adaptador compatível; sem executar comandos
Rascunho,execution-board,captura estruturada RAM/DOM; nunca save financeiro,não é fato confirmado,workspace.drafts,leitura/cópia + inspeção de contexto,disponível após importação explícita ou finalização confirmada; reload comum não captura RAM,reabrir apenas com adaptador compatível; sem executar comandos
Rascunho,navigation-order,captura estruturada RAM/DOM; nunca save financeiro,não é fato confirmado,workspace.drafts,leitura/cópia + inspeção de contexto,disponível após importação explícita ou finalização confirmada; reload comum não captura RAM,reabrir apenas com adaptador compatível; sem executar comandos
Rascunho,widget-layout,captura estruturada RAM/DOM; nunca save financeiro,não é fato confirmado,workspace.drafts,leitura/cópia + inspeção de contexto,disponível após importação explícita ou finalização confirmada; reload comum não captura RAM,reabrir apenas com adaptador compatível; sem executar comandos
Rascunho,personal-finance-field,captura estruturada RAM/DOM; nunca save financeiro,não é fato confirmado,workspace.drafts,leitura/cópia + inspeção de contexto,disponível após importação explícita ou finalização confirmada; reload comum não captura RAM,reabrir apenas com adaptador compatível; sem executar comandos
Rascunho,nocuda-transfer,captura estruturada RAM/DOM; nunca save financeiro,não é fato confirmado,workspace.drafts,leitura/cópia + inspeção de contexto,disponível após importação explícita ou finalização confirmada; reload comum não captura RAM,reabrir apenas com adaptador compatível; sem executar comandos
Rascunho,module-work,captura estruturada RAM/DOM; nunca save financeiro,não é fato confirmado,workspace.drafts,leitura/cópia + inspeção de contexto,disponível após importação explícita ou finalização confirmada; reload comum não captura RAM,reabrir apenas com adaptador compatível; sem executar comandos
Rascunho,generic-fields,captura estruturada RAM/DOM; nunca save financeiro,não é fato confirmado,workspace.drafts,leitura/cópia + inspeção de contexto,disponível após importação explícita ou finalização confirmada; reload comum não captura RAM,reabrir apenas com adaptador compatível; sem executar comandos
Rascunho,unconfirmed-memory,captura estruturada RAM/DOM; nunca save financeiro,não é fato confirmado,workspace.drafts,leitura/cópia + inspeção de contexto,disponível após importação explícita ou finalização confirmada; reload comum não captura RAM,reabrir apenas com adaptador compatível; sem executar comandos
Evidência original,PDF/HTML por SHA-256,importação confirmada/reassociação,IndexedDB transaction complete,ZIP separado + manifesto,SHA/tamanho/tipo + transação,IndexedDB exclusivo,recibo antigo Original indisponível; reassociação exige hash
Permissão,handle exportDir,IndexedDB transação complete,permissão local,excluída,solicitar autorização novamente,mesma origem + navegador,não é backup financeiro
